AAAAAAAA;ASDAD;RÇRÇRÇRÇ;0000-0000;98175-8110;email@mail.com.br
BBBBBBB;KSADKA;RSRSRS;2222-33333;;OOOO.AAAAAA@mail.com.br
KKK;HUEHUEHUEHUE;ASDASDASD;1111-1111;;
CCCCC;HUEHUEHUEHUE;ASDASDSDASD;8888-4747;;CCCCC@mail.com.br
DDDDDD;ASDASDAWDXC;ASDASDASDASD;6589-9874;97458-9874;DDDDDD@mail.com.br
RRRR;BOLOLO;HAHAHAAHA;6589-9874;97458-9874;DDDDDD@mail.com.br
KKK;HUEHUEHUEHUE;ASDASDASD;1111-1111;;
CCCCC;HUEHUEHUEHUE;ASDASDSDASD;8888-4747;;CCCCC@mail.com.br
DDDDDD;ASDASDAWDXC;ASDASDASDASD;6589-9874;97458-9874;DDDDDD@mail.com.br
RRRR;BOLOLO;HAHAHAAHA;6589-9874;97458-9874;DDDDDD@mail.com.br
DDDDDD;ASDASDAWDXC;ASDASDASDASD;6589-9874;97458-9874;DDDDDD@mail.com.br
RRRR;BOLOLO;HAHAHAAHA;6589-9874;97458-9874;DDDDDD@mail.com.br
AAAAAAAA;ASDAD;RÇRÇRÇRÇ;0000-0000;98175-8110;email@mail.com.br
BBBBBBB;KSADKA;RSRSRS;2222-33333;;OOOO.AAAAAA@mail.com.br
KKK;HUEHUEHUEHUE;ASDASDASD;1111-1111;;
CCCCC;HUEHUEHUEHUE;ASDASDSDASD;8888-4747;;CCCCC@mail.com.br
DDDDDD;ASDASDAWDXC;ASDASDASDASD;6589-9874;97458-9874;DDDDDD@mail.com.br
RRRR;BOLOLO;HAHAHAAHA;6589-9874;97458-9874;DDDDDD@mail.com.br
KKK;HUEHUEHUEHUE;ASDASDASD;1111-1111;;
CCCCC;HUEHUEHUEHUE;ASDASDSDASD;8888-4747;;CCCCC@mail.com.br
DDDDDD;ASDASDAWDXC;ASDASDASDASD;6589-9874;97458-9874;DDDDDD@mail.com.br
RRRR;BOLOLO;HAHAHAAHA;6589-9874;97458-9874;DDDDDD@mail.com.br
DDDDDD;ASDASDAWDXC;ASDASDASDASD;6589-9874;97458-9874;DDDDDD@mail.com.br
RRRR;BOLOLO;HAHAHAAHA;6589-9874;97458-9874;DDDDDD@mail.com.br
AAAAAAAA;ASDAD;RÇRÇRÇRÇ;0000-0000;98175-8110;email@mail.com.br
BBBBBBB;KSADKA;RSRSRS;2222-33333;;OOOO.AAAAAA@mail.com.br
KKK;HUEHUEHUEHUE;ASDASDASD;1111-1111;;
CCCCC;HUEHUEHUEHUE;ASDASDSDASD;8888-4747;;CCCCC@mail.com.br
DDDDDD;ASDASDAWDXC;ASDASDASDASD;6589-9874;97458-9874;DDDDDD@mail.com.br
RRRR;BOLOLO;HAHAHAAHA;6589-9874;97458-9874;DDDDDD@mail.com.br
KKK;HUEHUEHUEHUE;ASDASDASD;1111-1111;;
CCCCC;HUEHUEHUEHUE;ASDASDSDASD;8888-4747;;CCCCC@mail.com.br
DDDDDD;ASDASDAWDXC;ASDASDASDASD;6589-9874;97458-9874;DDDDDD@mail.com.br
RRRR;BOLOLO;HAHAHAAHA;6589-9874;97458-9874;DDDDDD@mail.com.br
DDDDDD;ASDASDAWDXC;ASDASDASDASD;6589-9874;97458-9874;DDDDDD@mail.com.br
RRRR;BOLOLO;HAHAHAAHA;6589-9874;97458-9874;DDDDDD@mail.com.br
AAAAAAAA;ASDAD;RÇRÇRÇRÇ;0000-0000;98175-8110;email@mail.com.br
BBBBBBB;KSADKA;RSRSRS;2222-33333;;OOOO.AAAAAA@mail.com.br
KKK;HUEHUEHUEHUE;ASDASDASD;1111-1111;;
CCCCC;HUEHUEHUEHUE;ASDASDSDASD;8888-4747;;CCCCC@mail.com.br
DDDDDD;ASDASDAWDXC;ASDASDASDASD;6589-9874;97458-9874;DDDDDD@mail.com.br
RRRR;BOLOLO;HAHAHAAHA;6589-9874;97458-9874;DDDDDD@mail.com.br
KKK;HUEHUEHUEHUE;ASDASDASD;1111-1111;;
CCCCC;HUEHUEHUEHUE;ASDASDSDASD;8888-4747;;CCCCC@mail.com.br
DDDDDD;ASDASDAWDXC;ASDASDASDASD;6589-9874;97458-9874;DDDDDD@mail.com.br
RRRR;BOLOLO;HAHAHAAHA;6589-9874;97458-9874;DDDDDD@mail.com.br
DDDDDD;ASDASDAWDXC;ASDASDASDASD;6589-9874;97458-9874;DDDDDD@mail.com.br
RRRR;BOLOLO;HAHAHAAHA;6589-9874;97458-9874;DDDDDD@mail.com.br
